Name,Age,City,Join_Date,Salary,Gender
Danielle Ingram,56.0,New York,2020-08-21 00:00:00.000000,173314.07178227295,female
Amanda Hendrix,18.0,Los Angeles,2021-06-07 00:00:00.000000,81495.4065482388,male
Jacob Gardner,20.0,New York,2022-02-13 00:00:00.000000,55726.33882572851,unknown
Mark Ochoa,29.0,San Francisco,2024-01-11 00:00:00.000000,199014.30198762607,unknown
Carlos Bauer,51.0,San Francisco,2022-09-19 00:00:00.000000,76552.65584575667,female
Andrea Davis,55.0,San Francisco,2021-09-24 00:00:00.000000,89896.50834987118,female
Juan Cabrera,46.0,Los Angeles,2022-12-02 00:00:00.000000,71082.28300614096,male
Alyssa Bryant,25.0,New York,2023-01-07 00:00:00.000000,83976.06313335408,male
Shawn Rodriguez,49.0,San Francisco,2024-06-25 00:00:00.000000,137222.64128248207,male
Stacy Wilson,48.0,New York,2022-09-09 00:00:00.000000,169592.74583585028,female
Andrew Collins,23.0,San Francisco,2000-01-01 00:00:00.000000,173842.26571579266,female
Jennifer Fitzpatrick MD,26.0,New York,2024-10-23 13:50:54.515830,173960.514144531,female
Debbie Kennedy,44.0,Los Angeles,2022-04-13 00:00:00.000000,113009.42752971793,male
Sarah Lopez,53.0,San Francisco,2022-04-07 00:00:00.000000,148776.32806803175,male
Marissa Swanson,35.0,Los Angeles,2021-07-11 00:00:00.000000,146442.92794895213,male
Elizabeth Gomez MD,44.0,Los Angeles,2000-01-01 00:00:00.000000,57893.9078574691,female
Mark Robertson,52.0,Los Angeles,2021-06-06 00:00:00.000000,162618.74033282915,unknown
Joyce Harrison,69.0,San Francisco,2021-01-09 00:00:00.000000,154485.98607857642,female
Tyler Powers,18.0,Los Angeles,2024-01-25 00:00:00.000000,90536.81895634836,male
John Marshall,20.0,Los Angeles,2020-01-09 00:00:00.000000,129803.82604539167,male
David Patton,61.0,New York,2022-10-31 00:00:00.000000,192769.63174184176,female
Kristin Huff,55.0,New York,2022-04-08 00:00:00.000000,181452.22197980963,female
Allen Wong,25.0,San Francisco,2021-05-13 00:00:00.000000,164865.58280780687,male
Victoria Moore,25.0,San Francisco,2023-08-04 00:00:00.000000,134759.15710204016,male
Jennifer Adkins,36.0,New York,2022-05-04 00:00:00.000000,112019.17779215772,male
Trevor Chandler,23.0,Los Angeles,2020-01-08 00:00:00.000000,154132.1083711337,male
Larry Hill,40.0,Los Angeles,2019-11-11 00:00:00.000000,57770.52333968989,female
Jennifer Harrison,41.0,New York,2022-05-17 00:00:00.000000,120943.03549678788,male
Zachary Wolfe,36.0,Los Angeles,2021-09-04 00:00:00.000000,105320.21159777834,female
Shane Hunt,53.0,Los Angeles,2023-12-15 00:00:00.000000,94300.6096255364,male
Robert Medina,56.0,New York,2020-08-06 00:00:00.000000,76290.15147694739,male
Michael Adams,58.0,San Francisco,2024-06-02 00:00:00.000000,198645.6776972648,female
Michael Rivas,18.0,San Francisco,2024-10-23 13:50:54.515830,76961.19739934958,male
William Pitts,59.0,New York,2021-09-21 00:00:00.000000,121726.76692403638,male
Justin Martinez,30.0,San Francisco,2020-09-16 00:00:00.000000,122862.0378950133,unknown
Kristina Mccarty,28.0,San Francisco,2000-01-01 00:00:00.000000,78988.40628726516,male
Brian Nguyen,21.0,San Francisco,2023-05-27 00:00:00.000000,82427.81856034602,female
Jacqueline Clark,62.0,Los Angeles,2024-10-23 13:50:54.515830,186276.92769749367,female
Jennifer Owens,59.0,San Francisco,2022-07-18 00:00:00.000000,138316.30618283228,unknown
Danny Webb,26.0,Los Angeles,2022-08-18 00:00:00.000000,78741.75730466511,female
Rebecca Mccarthy,44.0,New York,2000-01-01 00:00:00.000000,174667.68164102465,unknown
Mr. Jake Serrano PhD,68.0,San Francisco,2023-08-22 00:00:00.000000,142066.82417717334,female
Thomas Austin,52.0,San Francisco,2023-09-11 00:00:00.000000,76705.9521366544,male
Kelly Bradford,46.0,San Francisco,2000-01-01 00:00:00.000000,79611.19280336774,male
Brian Dominguez,33.0,San Francisco,2022-07-04 00:00:00.000000,176256.07248116552,male
Mrs. Sheri White,63.0,San Francisco,2024-10-23 13:50:54.515830,64639.05277131633,female
James Jensen,27.0,Los Angeles,2024-04-03 00:00:00.000000,174721.56005581538,male
Beth Robinson,38.0,San Francisco,2020-04-03 00:00:00.000000,180312.7635662309,female
Whitney Potts,45.0,San Francisco,2021-03-15 00:00:00.000000,125754.02399468036,male
Francisco Peck,47.0,Los Angeles,2021-07-24 00:00:00.000000,161147.08265959943,female
Miguel Lucero,30.0,San Francisco,2021-12-29 00:00:00.000000,64902.3853536783,unknown
Benjamin Ruiz,31.0,San Francisco,2019-12-23 00:00:00.000000,79650.09367283923,male
Jeffrey Colon,46.0,Los Angeles,2022-04-25 00:00:00.000000,171174.03636870434,female
Felicia Nichols,65.0,New York,2021-05-02 00:00:00.000000,164152.06598727586,female
Jesse Jordan,44.0,San Francisco,2022-12-15 00:00:00.000000,145042.35474668624,female
Katherine Moss,50.0,New York,2000-01-01 00:00:00.000000,77383.8649911565,male
Erika Park,50.0,New York,2022-04-13 00:00:00.000000,183277.72098241508,male
Scott Thomas,38.0,New York,2022-09-25 00:00:00.000000,174612.25452608697,male
Allison Bruce,36.0,San Francisco,2021-07-30 00:00:00.000000,190014.84813988852,female
Janet White,37.0,Los Angeles,2000-01-01 00:00:00.000000,92329.81661242168,male
Julie Castro,54.0,Los Angeles,2000-01-01 00:00:00.000000,107722.67553176948,female
Heidi Lambert,19.0,New York,2020-10-30 00:00:00.000000,128448.14231759984,male
Anthony Clark,61.0,San Francisco,2024-10-01 00:00:00.000000,102777.12653216255,male
Hunter Howard,44.0,New York,2000-01-01 00:00:00.000000,50525.39543487176,unknown
Deanna Ford,64.0,Los Angeles,2021-01-12 00:00:00.000000,160922.07863683696,unknown
Michelle Peters,33.0,Los Angeles,2024-09-25 00:00:00.000000,112264.88146141951,female
Monica Goodwin,44.0,Los Angeles,2024-10-23 13:50:54.515830,114448.77806041128,female
Nancy Rodriguez,21.0,San Francisco,2023-03-07 00:00:00.000000,69633.56257972332,male
Kathryn Ortiz,29.0,San Francisco,2021-07-24 00:00:00.000000,107982.7243659328,female
Jean Cabrera,61.0,San Francisco,2021-11-25 00:00:00.000000,150334.64618539825,male
Tyler Flores,28.0,Los Angeles,2019-12-29 00:00:00.000000,81903.55396604406,male
Caleb Larson,45.0,New York,2024-08-31 00:00:00.000000,124124.10786333006,female
Julia Hayes,32.0,New York,2022-11-18 00:00:00.000000,98250.34646811165,female
Dr. Michelle Davis DDS,69.0,New York,2023-02-04 00:00:00.000000,81970.66180416822,unknown
Christopher Hernandez,50.0,Los Angeles,2021-01-14 00:00:00.000000,173673.23225133412,male
Erika Ross,46.0,Los Angeles,2024-10-23 13:50:54.515830,182586.0713413408,unknown
Douglas Vaughn,65.0,Los Angeles,2000-01-01 00:00:00.000000,173721.9299858167,female
Haley Berry,67.0,Los Angeles,2022-03-19 00:00:00.000000,149024.4345419897,female
Scott Scott,52.0,New York,2024-09-28 00:00:00.000000,189277.2407103252,female
Matthew Mcdaniel,50.0,Los Angeles,2024-09-03 00:00:00.000000,161516.99499602133,male
Sarah Smith,56.0,San Francisco,2000-01-01 00:00:00.000000,142339.37777502832,male
Misty Hull,44.0,San Francisco,2024-10-23 13:50:54.515830,74701.05009577578,female
Kristin Porter,67.0,Los Angeles,2024-10-23 13:50:54.515830,98939.38316459692,unknown
Sean Miller,31.0,Los Angeles,2019-12-31 00:00:00.000000,87262.68598423165,male
Matthew Smith,50.0,Los Angeles,2024-05-30 00:00:00.000000,159900.1061484842,female
Joy Doyle,22.0,Los Angeles,2024-08-23 00:00:00.000000,118451.39554306174,female
Dr. Ebony Pearson,44.0,Los Angeles,2024-10-09 00:00:00.000000,139284.5897529556,female
Kevin Smith MD,28.0,Los Angeles,2024-10-08 00:00:00.000000,195269.2556818486,unknown
Carl Jones,34.0,New York,2023-12-24 00:00:00.000000,181382.9105259848,male
Benjamin Martinez,24.0,San Francisco,2021-03-13 00:00:00.000000,99378.05673918327,male
Kayla Carter,44.0,San Francisco,2000-01-01 00:00:00.000000,93532.73281261753,male
Mark Olson,52.0,Los Angeles,2020-10-01 00:00:00.000000,147256.62984094527,female
Carl Boone,61.0,New York,2020-01-18 00:00:00.000000,140749.50306717635,female
Lisa Smith,63.0,Los Angeles,2024-10-23 13:50:54.515830,91311.83704077965,male
Alexis Torres,54.0,Los Angeles,2021-11-25 00:00:00.000000,79806.45286089898,unknown
Deborah Johnston,29.0,Los Angeles,2021-12-21 00:00:00.000000,173954.36772664858,male
Barbara Braun,24.0,Los Angeles,2000-01-01 00:00:00.000000,197570.6609569291,female
Edwin Barr,38.0,San Francisco,2020-05-18 00:00:00.000000,187136.3186181429,male
Thomas Smith,44.0,New York,2021-06-30 00:00:00.000000,163601.30193891618,male
Debbie Payne,29.0,San Francisco,2000-01-01 00:00:00.000000,61533.30055305968,male
Howard Kim,54.0,New York,2024-10-23 13:50:54.515830,123801.53810505864,female
Keith Wilson,44.0,Los Angeles,2023-11-30 00:00:00.000000,145347.7324779164,female
Chelsea Fuentes,19.0,New York,2022-07-26 00:00:00.000000,125861.63737822438,female
Andrea Miller,63.0,Los Angeles,2023-09-30 00:00:00.000000,104629.648409963,female
Miss Danielle Powell,18.0,Los Angeles,2000-01-01 00:00:00.000000,151433.75055492413,male
Jennifer Spencer,48.0,Los Angeles,2024-04-28 00:00:00.000000,119713.53526060024,male
Calvin Best,46.0,San Francisco,2021-08-26 00:00:00.000000,84855.82336412431,female
Michael Gibbs,32.0,Los Angeles,2022-05-22 00:00:00.000000,85603.39239281148,female
Andrew Ingram,30.0,New York,2021-03-10 00:00:00.000000,176675.83285511134,female
Charles Nash PhD,27.0,Los Angeles,2019-12-06 00:00:00.000000,143397.6950208433,female
Patricia Crosby,55.0,New York,2000-01-01 00:00:00.000000,125621.72354587888,male
Michael Foster,65.0,San Francisco,2023-04-06 00:00:00.000000,94009.02733448452,female
Mr. Timothy Kennedy PhD,69.0,Los Angeles,2023-06-01 00:00:00.000000,75600.63701888798,unknown
Christina Jones,33.0,San Francisco,2022-07-23 00:00:00.000000,71740.09933101354,female
Jeremy Boyd,64.0,Los Angeles,2021-07-05 00:00:00.000000,172688.1300241267,female
Janice Wilson,21.0,Los Angeles,2020-01-23 00:00:00.000000,52476.790453403846,female
Valerie Ferguson,41.0,Los Angeles,2021-03-21 00:00:00.000000,77742.95395779758,female
Toni Johnson,48.0,Los Angeles,2019-11-15 00:00:00.000000,198896.7204153902,male
Olivia Allen,34.0,New York,2022-07-16 00:00:00.000000,178931.17280563305,male
Jennifer Harris,61.0,New York,2020-03-24 00:00:00.000000,156958.142937288,male
John Castaneda,51.0,Los Angeles,2020-07-13 00:00:00.000000,57575.15313848239,female
Jaime Porter,41.0,Los Angeles,2000-01-01 00:00:00.000000,119559.71070417228,male
Alyssa Donovan,51.0,San Francisco,2020-01-17 00:00:00.000000,110457.77826707729,female
Hannah Watson,40.0,New York,2022-10-18 00:00:00.000000,181732.26226264337,female
Heather Osborne,44.0,Los Angeles,2022-05-24 00:00:00.000000,92275.3682307777,male
Taylor Rice,66.0,San Francisco,2021-08-01 00:00:00.000000,52200.92407375935,female
Charles Morrison,60.0,New York,2024-10-23 13:50:54.515830,191568.7928571532,male
Cynthia Moran,24.0,San Francisco,2024-01-10 00:00:00.000000,180510.77444506896,male
Kevin Walker,39.0,San Francisco,2020-03-17 00:00:00.000000,120962.2020196128,male
Ethan Hernandez,31.0,Los Angeles,2000-01-01 00:00:00.000000,73684.5737182689,male
Jamie Hayes,50.0,San Francisco,2022-10-08 00:00:00.000000,53715.224380617336,male
Derrick Robinson,34.0,New York,2022-09-03 00:00:00.000000,178694.26920432047,male
Evan Johnson,62.0,Los Angeles,2023-10-29 00:00:00.000000,196093.6749374234,male
Christopher Garcia,70.0,San Francisco,2022-06-15 00:00:00.000000,158651.07627447986,female
Angela Anderson,44.0,New York,2019-10-27 00:00:00.000000,145004.23332377733,male
Devin Maynard,63.0,Los Angeles,2000-01-01 00:00:00.000000,192268.8709032001,unknown
Karen Fuller,54.0,San Francisco,2024-10-23 13:50:54.515830,110465.48202686924,female
Julie Wells,41.0,San Francisco,2024-03-24 00:00:00.000000,151423.0783786498,unknown
Brandon Stone,40.0,New York,2020-07-21 00:00:00.000000,86628.93343082238,male
Jonathan Jones,44.0,San Francisco,2023-11-12 00:00:00.000000,189671.2257049537,male
Cindy Johnson,40.0,Los Angeles,2023-06-24 00:00:00.000000,68760.29124703982,female
Chelsea Warren,29.0,New York,2020-06-02 00:00:00.000000,102168.61891741672,female
Mitchell Barker,34.0,New York,2023-08-03 00:00:00.000000,174008.08670812898,male
Jeffery Cobb,70.0,San Francisco,2019-11-18 00:00:00.000000,149236.21968965352,female
James Powell,43.0,San Francisco,2021-05-21 00:00:00.000000,79476.09898195216,female
Jose Cole,19.0,San Francisco,2024-03-29 00:00:00.000000,119087.48002776166,unknown
Hunter Bryant,35.0,San Francisco,2022-06-21 00:00:00.000000,71019.17236449054,female
Mary Hamilton,30.0,San Francisco,2023-06-26 00:00:00.000000,63151.52325633592,female
Brittany Robinson,51.0,Los Angeles,2000-01-01 00:00:00.000000,121796.82595106513,female
Beth Ritter,29.0,New York,2024-04-07 00:00:00.000000,114762.08495466271,male
Jerry Underwood,22.0,New York,2000-01-01 00:00:00.000000,156781.00387815214,male
Isaiah Manning,61.0,San Francisco,2022-08-14 00:00:00.000000,175468.1093730665,female
Victor Bowman,68.0,Los Angeles,2024-03-17 00:00:00.000000,110137.02093641183,male
Jason Mitchell,30.0,Los Angeles,2024-04-09 00:00:00.000000,132413.86575535947,unknown
Heather Barnes,18.0,San Francisco,2021-01-04 00:00:00.000000,100030.09706103144,female
Kurt Gomez,32.0,Los Angeles,2022-08-20 00:00:00.000000,135632.7824939178,female
Kelly Lopez,63.0,Los Angeles,2024-10-09 00:00:00.000000,194899.64966908316,male
Erika Hansen,55.0,New York,2021-06-28 00:00:00.000000,198689.7082014004,female
Joseph Dennis,54.0,San Francisco,2023-08-16 00:00:00.000000,187358.57333519432,unknown
Jason Haas,26.0,Los Angeles,2022-07-07 00:00:00.000000,168548.92618149752,male
Thomas Kelly,44.0,San Francisco,2024-04-06 00:00:00.000000,60750.094974998734,male
Denise Hayes,46.0,San Francisco,2024-10-23 13:50:54.515830,100579.55159934991,male
Hector Clark,32.0,San Francisco,2020-08-05 00:00:00.000000,96487.34150803465,male
John Murphy,45.0,New York,2024-10-23 13:50:54.515830,114946.07609550182,female
Shannon Welch,53.0,Los Angeles,2024-07-06 00:00:00.000000,135962.91246216174,female
Anthony Anderson,44.0,San Francisco,2024-07-21 00:00:00.000000,112571.32703505168,female
Kendra Potts,33.0,New York,2021-08-21 00:00:00.000000,91754.07135077624,unknown
Nicholas Cannon,40.0,New York,2019-12-11 00:00:00.000000,180086.0407278831,female
Carolyn Benson,44.0,New York,2021-01-12 00:00:00.000000,183571.46173319736,male
Omar Gross DDS,70.0,San Francisco,2023-09-02 00:00:00.000000,149120.41596935372,unknown
Richard Johnson,32.0,Los Angeles,2020-01-25 00:00:00.000000,68150.99102000734,unknown
Timothy Rodriguez,44.0,New York,2021-01-11 00:00:00.000000,173109.41943045036,female
Matthew Cooley,44.0,Los Angeles,2020-09-04 00:00:00.000000,124949.52724599357,unknown
Aaron Smith,48.0,San Francisco,2024-10-23 13:50:54.515830,54836.98624299214,female
Linda Lindsey,69.0,Los Angeles,2024-03-14 00:00:00.000000,157122.25908816635,female
Jamie Smith,44.0,New York,2023-11-24 00:00:00.000000,158352.25677004707,male
Patrick Brown,66.0,New York,2023-02-05 00:00:00.000000,150881.09751750453,female
James Woodward,32.0,Los Angeles,2000-01-01 00:00:00.000000,97575.35104715038,male
Melissa Chapman,44.0,San Francisco,2020-10-22 00:00:00.000000,119471.21056522444,male
Emily Jones MD,27.0,Los Angeles,2019-11-01 00:00:00.000000,161365.18397970576,male
Corey Wright,67.0,Los Angeles,2023-09-13 00:00:00.000000,102298.33973367533,male
Mark David,41.0,Los Angeles,2000-01-01 00:00:00.000000,96113.0502809318,female
Dwayne Dennis,34.0,Los Angeles,2000-01-01 00:00:00.000000,75171.1035618361,female
Joseph Anderson,59.0,Los Angeles,2000-01-01 00:00:00.000000,120066.4873779738,female
David Hernandez,52.0,Los Angeles,2022-02-08 00:00:00.000000,86289.28519502067,unknown
Kelly Jones,62.0,Los Angeles,2000-01-01 00:00:00.000000,86058.26714318292,female
Anthony Moody,35.0,Los Angeles,2024-01-01 00:00:00.000000,91381.26978983596,female
Jacob Kelly,45.0,New York,2022-01-31 00:00:00.000000,170913.58881323686,female
Edward Schwartz,20.0,Los Angeles,2020-12-08 00:00:00.000000,174457.00437248527,unknown
Connor Mclaughlin,44.0,Los Angeles,2000-01-01 00:00:00.000000,101267.12447609572,unknown
Darryl Ellison,44.0,San Francisco,2024-05-09 00:00:00.000000,133067.25635463613,female
Samantha Strickland,58.0,Los Angeles,2022-11-17 00:00:00.000000,139827.55063258397,female
Sean Mata,62.0,Los Angeles,2024-10-23 13:50:54.515830,60508.21271755343,male
Amanda Ramsey,68.0,Los Angeles,2024-06-25 00:00:00.000000,133999.14681534283,male
Seth Mcdowell,46.0,San Francisco,2024-10-23 13:50:54.515830,80638.11537898018,female
Crystal Lewis,27.0,San Francisco,2023-05-05 00:00:00.000000,108026.79596293897,male
Amy White,32.0,New York,2024-10-23 13:50:54.515830,138893.9540299571,female
Sandra Nash,62.0,Los Angeles,2023-01-22 00:00:00.000000,175759.13258711272,male
Ian Sellers,18.0,San Francisco,2024-06-29 00:00:00.000000,108000.06456935997,male
Paul Hunt,44.0,San Francisco,2020-02-19 00:00:00.000000,114334.87807104088,unknown
Holly Norton,48.0,San Francisco,2022-12-13 00:00:00.000000,188963.18886914683,male
Gregory Watson,44.0,San Francisco,2023-11-30 00:00:00.000000,85708.6740859239,female
Don Miller,55.0,Los Angeles,2021-07-26 00:00:00.000000,133875.88885983347,female
Olivia Wilson,38.0,San Francisco,2019-11-29 00:00:00.000000,114756.45537554804,male
Tamara Ortiz,44.0,New York,2000-01-01 00:00:00.000000,132474.72013455577,female
Charles Scott,52.0,San Francisco,2000-01-01 00:00:00.000000,178449.74449628798,female
Steven Nguyen,58.0,Los Angeles,2019-10-24 00:00:00.000000,68770.72969937147,female
Linda Chambers,44.0,Los Angeles,2020-03-21 00:00:00.000000,189410.1514941542,female
Rebecca Lynch,59.0,Los Angeles,2022-06-17 00:00:00.000000,103141.34027963266,male
Natalie Smith,41.0,Los Angeles,2020-05-27 00:00:00.000000,191731.7636505512,male
Valerie Martinez,44.0,Los Angeles,2022-04-25 00:00:00.000000,51932.91577476671,male
Alan Nguyen,46.0,New York,2020-05-12 00:00:00.000000,163746.07026414774,male
Nancy Soto,58.0,New York,2020-12-15 00:00:00.000000,139298.6012582336,male
Lisa Hernandez,49.0,Los Angeles,2021-12-04 00:00:00.000000,143563.8298963472,unknown
Benjamin Hall,44.0,Los Angeles,2024-03-02 00:00:00.000000,83659.0036076582,unknown
Thomas Johnson,42.0,San Francisco,2021-03-20 00:00:00.000000,190022.7516607372,male
Dr. Bradley Mejia,57.0,San Francisco,2024-10-23 13:50:54.515830,111733.0532678563,female
Alyssa Davis,28.0,Los Angeles,2024-02-29 00:00:00.000000,74319.67758482933,male
Frank Nguyen,20.0,San Francisco,2023-09-07 00:00:00.000000,198029.58055310705,male
Jeffery Wilson,34.0,San Francisco,2023-03-14 00:00:00.000000,84891.64640439104,female
Ashley Nelson,33.0,San Francisco,2021-03-16 00:00:00.000000,179219.28050470864,female
Donald Collins,18.0,New York,2000-01-01 00:00:00.000000,74614.40976980873,male
Anthony Johnson,67.0,San Francisco,2024-09-04 00:00:00.000000,105071.99479946891,female
Matthew Murphy,29.0,New York,2020-11-28 00:00:00.000000,128267.90243086618,female
Ryan Stanley,43.0,San Francisco,2020-10-07 00:00:00.000000,133566.85659331596,female
Tina Cruz,44.0,Los Angeles,2024-10-23 13:50:54.515830,145688.0571281121,female
Mrs. Robin Maldonado,35.0,Los Angeles,2021-04-29 00:00:00.000000,87773.66529974966,female
David Gould,23.0,New York,2023-03-20 00:00:00.000000,145135.83873671154,female
Tonya Moran,52.0,San Francisco,2022-01-24 00:00:00.000000,84885.09862990296,female
James Marks,39.0,New York,2023-12-09 00:00:00.000000,151123.48692743463,female
Warren Martinez,36.0,Los Angeles,2000-01-01 00:00:00.000000,189629.7591653666,male
Katelyn Smith,44.0,Los Angeles,2020-11-16 00:00:00.000000,116031.2556927602,male
Keith Dyer,36.0,San Francisco,2020-12-17 00:00:00.000000,87156.39628285932,male
Thomas Page,52.0,Los Angeles,2024-07-18 00:00:00.000000,96690.25917764356,unknown
Mrs. Molly Casey,69.0,San Francisco,2021-02-07 00:00:00.000000,96729.29417160392,female
Brenda Meza,44.0,San Francisco,2020-12-21 00:00:00.000000,148605.90322772047,unknown
Holly Wood,43.0,San Francisco,2022-11-07 00:00:00.000000,159272.49692102362,male
Jonathan Alvarez,34.0,San Francisco,2022-10-07 00:00:00.000000,73397.55544749284,unknown
Ashley Lee,26.0,San Francisco,2021-03-09 00:00:00.000000,143420.77390009636,female
Thomas Moreno,29.0,Los Angeles,2023-07-22 00:00:00.000000,147965.88384540667,male
Mr. Jordan Molina,48.0,San Francisco,2023-03-04 00:00:00.000000,54750.97122774259,female
Ashley Johnson,67.0,Los Angeles,2000-01-01 00:00:00.000000,140307.40317907836,unknown
Jeffrey Ramirez,57.0,San Francisco,2020-01-01 00:00:00.000000,107633.98167665898,female
Stephanie Bailey,23.0,New York,2024-10-19 00:00:00.000000,66257.66385183527,male
Joseph Bailey,41.0,San Francisco,2000-01-01 00:00:00.000000,75451.78878868822,female
Joshua Adams,38.0,San Francisco,2024-10-23 13:50:54.515830,70432.0450324742,male
Tiffany Farmer,52.0,San Francisco,2000-01-01 00:00:00.000000,181073.11724252923,female
Renee Aguilar,39.0,San Francisco,2023-11-03 00:00:00.000000,197767.8059187589,male
Robert Oliver,69.0,Los Angeles,2019-11-06 00:00:00.000000,147193.38858753745,male
Charles Kane,44.0,San Francisco,2023-07-21 00:00:00.000000,79740.07375869769,female
Erin Scott,34.0,Los Angeles,2000-01-01 00:00:00.000000,171460.49138574628,male
Richard Wall,43.0,San Francisco,2020-02-01 00:00:00.000000,70488.82609457223,unknown
Wendy Dawson,43.0,New York,2022-10-11 00:00:00.000000,85110.0841399999,female
Fred Tran,65.0,San Francisco,2000-01-01 00:00:00.000000,87139.47921579405,male
Carla Valdez,44.0,San Francisco,2000-01-01 00:00:00.000000,106500.51934515857,female
Ashley Evans,21.0,New York,2024-06-15 00:00:00.000000,179128.59661032187,male
Judith Thompson,21.0,Los Angeles,2024-01-20 00:00:00.000000,106367.57117886668,male
Cindy Chambers,26.0,San Francisco,2021-07-14 00:00:00.000000,56895.66141724451,female
Andrea Johnson,32.0,Los Angeles,2021-03-06 00:00:00.000000,150187.53184578576,male
Benjamin Hayes,29.0,Los Angeles,2000-01-01 00:00:00.000000,106769.0622519843,unknown
David Little,39.0,San Francisco,2024-08-06 00:00:00.000000,185374.77195284129,unknown
Sarah Chen,44.0,Los Angeles,2024-08-23 00:00:00.000000,192245.71572399215,male
Annette Miller,65.0,San Francisco,2023-12-20 00:00:00.000000,127687.84148927475,male
Benjamin Romero,23.0,Los Angeles,2024-10-05 00:00:00.000000,141869.64836212143,female
Bobby Armstrong II,32.0,San Francisco,2020-11-23 00:00:00.000000,147112.94434804557,male
Ross Bradley,34.0,San Francisco,2021-01-23 00:00:00.000000,199433.1653063761,female
David Moore,56.0,New York,2024-10-23 13:50:54.515830,67888.57807233327,male
Ashley Hall,62.0,San Francisco,2020-08-13 00:00:00.000000,104117.40111300995,male
Kristen Hoffman,53.0,Los Angeles,2024-10-23 13:50:54.515830,107354.09565882082,female
Michael Lindsey,45.0,New York,2000-01-01 00:00:00.000000,194396.0844394824,male
Donald Mccann,23.0,San Francisco,2000-01-01 00:00:00.000000,121556.2457173515,female
Jessica Garcia MD,24.0,San Francisco,2023-01-24 00:00:00.000000,192893.40608501973,female
Casey Walker,66.0,San Francisco,2000-01-01 00:00:00.000000,165537.02880320704,female
Angela Cordova,51.0,Los Angeles,2000-01-01 00:00:00.000000,103389.6759353398,female
Melissa Nunez,68.0,Los Angeles,2024-10-23 13:50:54.515830,59285.46627093408,female
Joshua Jones,44.0,Los Angeles,2024-09-01 00:00:00.000000,108475.90929584244,male
Sean Morrison,45.0,Los Angeles,2022-07-18 00:00:00.000000,88051.32890202792,female
Bonnie Smith,54.0,Los Angeles,2021-10-01 00:00:00.000000,161321.2909099658,female
Michael Hall,56.0,Los Angeles,2023-02-08 00:00:00.000000,96799.57914723654,female
Jennifer Brown,42.0,San Francisco,2023-11-05 00:00:00.000000,168780.2095248418,female
Bruce Gardner,45.0,San Francisco,2000-01-01 00:00:00.000000,72785.22421369233,female
Brian Henderson,29.0,San Francisco,2023-05-04 00:00:00.000000,126272.97715896108,male
Christina Miller,31.0,San Francisco,2000-01-01 00:00:00.000000,59464.32728552871,male
Jeffrey Solomon,56.0,New York,2000-01-01 00:00:00.000000,58109.1633272301,female
Regina Green,45.0,San Francisco,2024-02-12 00:00:00.000000,85886.98620929451,female
Danielle Hill,53.0,San Francisco,2020-12-14 00:00:00.000000,56427.76810418458,female
Catherine Anderson,37.0,Los Angeles,2022-11-15 00:00:00.000000,124756.68110193386,unknown
Michael King,60.0,San Francisco,2024-10-23 13:50:54.515830,142511.76081854868,male
Heather Warner,49.0,San Francisco,2024-10-23 13:50:54.515830,167372.6055056396,female
Douglas Lawrence,41.0,Los Angeles,2000-01-01 00:00:00.000000,93556.77124390168,female
Sarah Barnes,19.0,Los Angeles,2024-10-16 00:00:00.000000,63333.24570384781,male
Dillon Diaz,54.0,New York,2021-10-23 00:00:00.000000,147773.72052765358,female
James Gonzales,55.0,San Francisco,2000-01-01 00:00:00.000000,131938.8309072149,male
Ruben Cannon,25.0,San Francisco,2020-04-20 00:00:00.000000,85522.1870018564,female
Nancy Miller,50.0,Los Angeles,2000-01-01 00:00:00.000000,175049.97202291878,male
Dean Howell,32.0,San Francisco,2021-01-05 00:00:00.000000,81820.45325988776,female
Alexander Fox,36.0,New York,2024-10-23 13:50:54.515830,81582.83908038278,female
Vanessa Robinson MD,44.0,New York,2021-06-17 00:00:00.000000,170736.20454385487,female
Patricia Jensen,58.0,San Francisco,2024-10-23 13:50:54.515830,117971.34207245642,female
Tammy Hoffman,44.0,New York,2021-06-10 00:00:00.000000,180749.1927590514,male
Terry Everett,48.0,New York,2020-10-15 00:00:00.000000,51400.607287586674,female
Michael Davis,63.0,Los Angeles,2023-10-23 00:00:00.000000,188687.7969477944,male
Patricia Rodriguez,25.0,Los Angeles,2019-11-26 00:00:00.000000,180847.8431447977,female
Ronald Ryan,20.0,Los Angeles,2022-11-03 00:00:00.000000,130732.33316510847,unknown
Megan Goodwin PhD,23.0,Los Angeles,2022-09-13 00:00:00.000000,183176.5423823789,male
David Garcia,59.0,Los Angeles,2023-09-21 00:00:00.000000,75997.11486408887,male
Natasha Hawkins,30.0,New York,2022-10-13 00:00:00.000000,196627.7716703193,male
Kimberly Nguyen,33.0,Los Angeles,2020-02-18 00:00:00.000000,76138.61545482208,female
Mary Perkins,55.0,Los Angeles,2020-12-12 00:00:00.000000,113101.97527335792,male
Daniel Kane,23.0,New York,2000-01-01 00:00:00.000000,101084.39494667656,female
Nicholas Walker,65.0,Los Angeles,2000-01-01 00:00:00.000000,87986.24069805085,female
Robert Flores,44.0,San Francisco,2023-07-06 00:00:00.000000,109223.43826159176,male
Melvin Anderson,44.0,Los Angeles,2022-11-21 00:00:00.000000,154749.81289274132,female
Angela Gomez,50.0,Los Angeles,2020-11-22 00:00:00.000000,66426.67653176014,unknown
Louis Diaz,34.0,Los Angeles,2022-01-26 00:00:00.000000,98900.33798739869,unknown
Charles Hopkins,36.0,New York,2021-04-29 00:00:00.000000,191503.73114508868,female
Kristi Gonzalez,60.0,Los Angeles,2020-12-26 00:00:00.000000,91429.25065653752,male
Paula Pope,32.0,Los Angeles,2023-06-27 00:00:00.000000,108026.1429568832,male
Patrick Coleman,31.0,New York,2021-04-30 00:00:00.000000,126333.42119327965,male
Angela Miranda,66.0,New York,2021-10-16 00:00:00.000000,151043.7642501864,male
Amber Hodges,56.0,Los Angeles,2023-08-05 00:00:00.000000,179084.1135476578,female
Katherine Smith,21.0,San Francisco,2021-03-27 00:00:00.000000,114735.87576403069,unknown
Sophia Smith,65.0,Los Angeles,2023-09-08 00:00:00.000000,124494.49222409232,female
Amanda Brown,62.0,San Francisco,2023-02-14 00:00:00.000000,57503.2150266316,female
Phillip Clark,54.0,Los Angeles,2021-05-29 00:00:00.000000,104112.65301966008,female
Erin Thomas,63.0,San Francisco,2022-09-09 00:00:00.000000,66682.62906295329,male
Jeffery Lopez,69.0,Los Angeles,2022-07-23 00:00:00.000000,72006.99538708528,female
Patrick Ramos,33.0,New York,2024-10-23 13:50:54.515830,106417.91157041596,female
Lisa Baker,19.0,San Francisco,2023-07-24 00:00:00.000000,169777.0683395919,unknown
John Brady,54.0,San Francisco,2022-04-29 00:00:00.000000,143215.8263658819,female
Erica Duffy,52.0,New York,2000-01-01 00:00:00.000000,66526.17054561325,female
Dennis Andrade,44.0,Los Angeles,2000-01-01 00:00:00.000000,78427.66100710382,male
Michael Salazar,33.0,New York,2023-01-08 00:00:00.000000,99141.5035393761,unknown
David Bryant,44.0,Los Angeles,2022-02-14 00:00:00.000000,159807.21966934137,female
Richard Atkins,55.0,New York,2000-01-01 00:00:00.000000,182351.82091996307,male
Robert Russell,57.0,Los Angeles,2024-07-27 00:00:00.000000,118325.7348795752,male
Todd Ortiz,18.0,San Francisco,2022-02-27 00:00:00.000000,134931.38106707542,female
Ian Maldonado,36.0,San Francisco,2020-09-10 00:00:00.000000,175118.0442794814,unknown
Carolyn Thomas,46.0,San Francisco,2024-09-03 00:00:00.000000,88408.3334400894,male
Bruce Thompson,53.0,San Francisco,2020-12-21 00:00:00.000000,79978.3543567819,male
Richard Browning,64.0,New York,2000-01-01 00:00:00.000000,73379.46778224953,female
Denise Edwards,63.0,Los Angeles,2024-10-23 13:50:54.515830,56690.54583389259,female
Heather Guzman,28.0,Los Angeles,2024-10-23 13:50:54.515830,53113.012144648405,unknown
Erin Cole,44.0,San Francisco,2024-10-23 13:50:54.515830,120490.45003984614,female
Jennifer Sims,40.0,Los Angeles,2021-09-01 00:00:00.000000,72065.82782226568,female
Darrell Smith,29.0,Los Angeles,2021-06-13 00:00:00.000000,89863.41361670637,female
Mary Kelly,25.0,San Francisco,2021-10-28 00:00:00.000000,167458.45334531856,male
Matthew Sanchez,57.0,Los Angeles,2020-12-11 00:00:00.000000,136238.43475447816,male
Christopher Nelson,35.0,New York,2023-01-13 00:00:00.000000,172410.08666392526,male
James Flores,54.0,Los Angeles,2022-09-17 00:00:00.000000,185599.8947391096,unknown
Stephanie Nunez,50.0,New York,2020-10-09 00:00:00.000000,84100.68754766801,male
Deanna Jones,53.0,San Francisco,2019-12-02 00:00:00.000000,170004.6174624011,unknown
Joseph Acosta,29.0,San Francisco,2020-11-30 00:00:00.000000,78403.70062984643,male
Eric Whitehead,60.0,San Francisco,2022-04-09 00:00:00.000000,173820.88190174196,female
Mr. Aaron Carroll,47.0,New York,2023-10-23 00:00:00.000000,161007.2158212521,male
Timothy Nelson,38.0,Los Angeles,2021-02-01 00:00:00.000000,132132.37275576423,unknown
Daniel Mcknight,35.0,Los Angeles,2020-10-30 00:00:00.000000,149303.27848795586,female
Justin Drake,25.0,New York,2023-11-15 00:00:00.000000,189014.69649682188,female
Jasmin Clark,59.0,San Francisco,2024-10-23 13:50:54.515830,181108.23144330893,female
Alexandra Figueroa,61.0,Los Angeles,2022-11-09 00:00:00.000000,137675.7891496469,unknown
Judy Hoffman,37.0,San Francisco,2000-01-01 00:00:00.000000,50019.48643363104,male
Vanessa Cameron,26.0,Los Angeles,2024-01-16 00:00:00.000000,62897.72852932383,female
Michele Allen,64.0,New York,2021-09-15 00:00:00.000000,197583.47715054048,female
Philip Wilson,63.0,New York,2023-04-05 00:00:00.000000,187534.28471792483,female
Kathryn Ramirez,44.0,San Francisco,2000-01-01 00:00:00.000000,95962.67946359876,unknown
Christina Jones,23.0,New York,2023-02-18 00:00:00.000000,197404.62166642133,female
Mark Hall,68.0,San Francisco,2024-05-18 00:00:00.000000,145224.61018244934,male
Kimberly Perez,22.0,Los Angeles,2022-01-26 00:00:00.000000,142432.9865491655,female
Casey Armstrong,39.0,Los Angeles,2000-01-01 00:00:00.000000,181917.58508629055,male
Mr. Steve Schaefer,19.0,San Francisco,2000-01-01 00:00:00.000000,63362.311851256745,male
Heather Lopez,30.0,San Francisco,2021-08-19 00:00:00.000000,163914.11203796495,female
Patricia Harris,34.0,San Francisco,2023-01-25 00:00:00.000000,196395.21667590717,male
Oscar King,42.0,Los Angeles,2023-08-08 00:00:00.000000,121394.2194245395,unknown
Cassandra Oconnell,28.0,New York,2022-03-09 00:00:00.000000,116295.33622770304,female
Yolanda Mitchell,69.0,New York,2021-10-12 00:00:00.000000,141302.75582478155,female
Crystal Hicks,21.0,San Francisco,2021-12-19 00:00:00.000000,182968.3326339612,male
Erin Jenkins,24.0,Los Angeles,2000-01-01 00:00:00.000000,66727.49361857501,female
Richard Cole,64.0,New York,2022-11-17 00:00:00.000000,197977.249690594,female
Derek Harvey,46.0,San Francisco,2020-02-28 00:00:00.000000,92002.83265159807,female
Stephen Dawson,64.0,Los Angeles,2000-01-01 00:00:00.000000,113366.16992335871,female
Christine Glenn,47.0,Los Angeles,2022-02-03 00:00:00.000000,85952.66631772098,male
Andrew Lynch,19.0,San Francisco,2000-01-01 00:00:00.000000,131842.97121349943,unknown
Matthew Garcia,67.0,San Francisco,2021-04-17 00:00:00.000000,112822.18181622207,male
Manuel Ferguson,54.0,New York,2022-10-11 00:00:00.000000,101086.93054687273,female
Megan Alvarez,36.0,San Francisco,2024-10-23 13:50:54.515830,118301.506814342,male
Lisa Brown,32.0,San Francisco,2024-10-11 00:00:00.000000,71009.8560570251,male
Crystal Klein,36.0,San Francisco,2022-08-19 00:00:00.000000,53233.70557311353,male
Shelia Morgan,26.0,New York,2024-02-29 00:00:00.000000,180489.3897179833,male
Adriana Alvarado,39.0,San Francisco,2024-10-23 13:50:54.515830,186745.58472411116,female
Damon Henson,36.0,San Francisco,2000-01-01 00:00:00.000000,185218.50090047493,female
Kenneth Rollins,67.0,San Francisco,2022-02-03 00:00:00.000000,188952.7774295452,female
Kathleen Pope,57.0,Los Angeles,2023-07-13 00:00:00.000000,104793.87426602392,female
Sandra Petty,31.0,San Francisco,2022-07-07 00:00:00.000000,182026.2301527748,female
Dawn Ramirez,22.0,San Francisco,2024-10-23 13:50:54.515830,171411.35441555915,female
Christopher Weiss,53.0,Los Angeles,2024-06-03 00:00:00.000000,139977.30918955954,male
Kyle Ramirez,41.0,Los Angeles,2022-04-18 00:00:00.000000,54321.513232496494,female
Candice Hill,59.0,New York,2020-10-12 00:00:00.000000,77144.72212926706,male
Kendra Brown,40.0,New York,2000-01-01 00:00:00.000000,182702.3614715651,female
Derek Cuevas,59.0,San Francisco,2000-01-01 00:00:00.000000,72006.95904890704,female
Teresa Tran,44.0,San Francisco,2021-06-05 00:00:00.000000,145796.30274075945,unknown
Samuel Turner,68.0,San Francisco,2000-01-01 00:00:00.000000,191372.89462854227,male
Patricia Huang,54.0,New York,2000-01-01 00:00:00.000000,196300.27899095012,female
Tanner Tran,18.0,Los Angeles,2024-10-23 13:50:54.515830,138867.99987840766,female
Christopher Harvey,44.0,Los Angeles,2021-10-11 00:00:00.000000,70349.1624729985,male
Patricia Myers,23.0,San Francisco,2024-01-06 00:00:00.000000,145829.10501336516,male
Andrew Jones,57.0,San Francisco,2000-01-01 00:00:00.000000,187745.09275986836,male
Daniel Davis,37.0,Los Angeles,2020-11-26 00:00:00.000000,180303.89905063497,male
Sarah Espinoza,54.0,Los Angeles,2000-01-01 00:00:00.000000,60483.607303327255,female
Hailey Myers,18.0,San Francisco,2022-10-14 00:00:00.000000,134148.6362781567,female
Sheena Wilson,29.0,Los Angeles,2021-03-11 00:00:00.000000,84177.21621617176,female
Dr. Maria Lee,36.0,Los Angeles,2020-09-27 00:00:00.000000,174412.76236094476,male
Joseph Nolan,23.0,San Francisco,2021-01-06 00:00:00.000000,99243.6953631144,male
Danielle Young,19.0,Los Angeles,2021-05-13 00:00:00.000000,196053.35086030653,male
Justin Mccarty,53.0,Los Angeles,2000-01-01 00:00:00.000000,131358.55969497142,female
Christopher Meyer,23.0,San Francisco,2020-11-27 00:00:00.000000,58177.14602234968,male
Christy Weber,40.0,New York,2023-06-23 00:00:00.000000,109411.34353640056,female
Katie Williams,22.0,San Francisco,2024-10-23 13:50:54.515830,58848.93452493976,male
Craig Oliver,51.0,San Francisco,2024-10-23 13:50:54.515830,70073.90248334734,female
Thomas Clark,28.0,New York,2000-01-01 00:00:00.000000,55673.50880635173,female
Sean Pearson,54.0,Los Angeles,2021-09-28 00:00:00.000000,79922.58999829991,male
Laura Vaughn,44.0,Los Angeles,2021-09-01 00:00:00.000000,109664.06991111628,male
Whitney Guerrero,55.0,Los Angeles,2000-01-01 00:00:00.000000,70954.39524066944,female
Colleen Austin,46.0,Los Angeles,2021-04-05 00:00:00.000000,185751.78113452907,female
Tara Friedman,53.0,New York,2020-04-25 00:00:00.000000,152209.846441135,female
Monica Sanders,30.0,New York,2024-03-19 00:00:00.000000,157912.89010804167,male
Antonio Wilson,54.0,Los Angeles,2020-04-15 00:00:00.000000,120066.65579579676,female
Brandon Franklin,44.0,New York,2023-03-31 00:00:00.000000,171453.3773504839,male
Jeffrey Hanson,31.0,Los Angeles,2022-11-13 00:00:00.000000,108569.33060860728,male
Edward Rogers Jr.,52.0,San Francisco,2019-11-03 00:00:00.000000,106968.44448783694,female
Elizabeth Thompson,54.0,New York,2024-10-23 13:50:54.515830,116535.26832234992,female
Jill Mccormick,44.0,New York,2000-01-01 00:00:00.000000,61624.86251345821,female
Kathleen Chase,34.0,New York,2023-09-16 00:00:00.000000,83881.12584393557,female
Jacob Poole,49.0,San Francisco,2024-10-23 13:50:54.515830,132975.3876829804,female
Patricia Cooper,61.0,Los Angeles,2024-07-03 00:00:00.000000,124111.5583597182,female
Melissa Cohen,41.0,New York,2020-01-13 00:00:00.000000,132437.7915013884,female
David Smith,58.0,Los Angeles,2024-10-23 13:50:54.515830,135181.52911859914,female
Jeffrey Mitchell,48.0,New York,2000-01-01 00:00:00.000000,190045.66408932905,female
Tonya Brown,19.0,San Francisco,2000-01-01 00:00:00.000000,111064.20830570458,male
Charles Gray,59.0,San Francisco,2022-10-22 00:00:00.000000,182803.90595472456,male
Christina Harris,24.0,San Francisco,2020-04-04 00:00:00.000000,190100.0114372672,unknown
Patrick Bennett,19.0,Los Angeles,2023-02-22 00:00:00.000000,151800.57485002093,female
Sandra Carter,44.0,San Francisco,2021-12-19 00:00:00.000000,160644.67233714517,male
Edward Gray,51.0,San Francisco,2020-10-18 00:00:00.000000,172544.6711466664,female
Misty Owens DVM,32.0,San Francisco,2020-01-12 00:00:00.000000,156630.57274889873,male
Kristen Hayes,61.0,Los Angeles,2020-11-03 00:00:00.000000,171262.42719959636,unknown
Phillip Williams,47.0,San Francisco,2024-01-19 00:00:00.000000,76651.98859373924,male
Jonathan Garrett,47.0,Los Angeles,2022-01-28 00:00:00.000000,54964.857052410094,female
Elizabeth Martin,29.0,Los Angeles,2021-03-24 00:00:00.000000,177525.8912580103,unknown
Amy Huynh,35.0,New York,2023-06-26 00:00:00.000000,116166.21311368325,unknown
William Hernandez,69.0,Los Angeles,2024-06-22 00:00:00.000000,177525.39186048094,unknown
Matthew Turner,41.0,Los Angeles,2021-07-08 00:00:00.000000,77086.52554980767,female
Barry Bailey,50.0,Los Angeles,2024-08-20 00:00:00.000000,147684.79067169805,female
Megan Jones,48.0,Los Angeles,2021-11-07 00:00:00.000000,123807.68847081736,female
Ashley Mitchell,65.0,New York,2020-10-14 00:00:00.000000,100561.35291606844,male
Dana Norton,50.0,San Francisco,2021-04-15 00:00:00.000000,102241.56490341012,female
Robert Hill,51.0,San Francisco,2024-10-23 13:50:54.515830,121403.49001771184,male
Christopher Williams,64.0,San Francisco,2020-01-25 00:00:00.000000,174793.1862160727,female
Michael Garrett,41.0,Los Angeles,2024-09-10 00:00:00.000000,148171.50684805866,male
James Jackson,22.0,Los Angeles,2021-05-13 00:00:00.000000,69765.85078973862,male
Elizabeth Krause,44.0,Los Angeles,2024-03-26 00:00:00.000000,104158.0263803398,unknown
Thomas Roberts,44.0,Los Angeles,2020-04-10 00:00:00.000000,115862.09306693674,female
Ashley Woods,26.0,New York,2000-01-01 00:00:00.000000,132341.31394333296,male
Leslie Baker,29.0,Los Angeles,2024-06-15 00:00:00.000000,83131.45786415611,male
Garrett Perry,58.0,San Francisco,2023-02-28 00:00:00.000000,136910.43791496,male
Christine Anderson,69.0,Los Angeles,2000-01-01 00:00:00.000000,84486.78607143668,male
Evelyn Young,44.0,New York,2000-01-01 00:00:00.000000,52365.14274064948,female
Melissa Delgado,42.0,San Francisco,2023-07-08 00:00:00.000000,121967.38236606754,male
Julie Lang,44.0,Los Angeles,2020-01-22 00:00:00.000000,58933.74990422641,male
Lauren Rodriguez,37.0,Los Angeles,2020-08-13 00:00:00.000000,95027.7231750376,female
Lori Moody,51.0,Los Angeles,2024-04-11 00:00:00.000000,50803.22585184148,female
Ashley Johnson,37.0,New York,2023-06-02 00:00:00.000000,198847.342377334,female
Carol Cabrera,70.0,Los Angeles,2023-06-08 00:00:00.000000,180337.4506976616,female
Jaclyn Hooper,40.0,San Francisco,2021-12-08 00:00:00.000000,118299.27944785982,male
David Morgan,66.0,San Francisco,2020-05-14 00:00:00.000000,141136.49406338143,male
Vincent Grant,34.0,San Francisco,2023-02-08 00:00:00.000000,155184.48011321668,female
Lisa Davis,69.0,New York,2022-08-30 00:00:00.000000,85439.68294204559,female
Zachary Carter,46.0,New York,2021-11-11 00:00:00.000000,167940.694616811,female
Jonathon Howard,20.0,New York,2000-01-01 00:00:00.000000,137529.30436662474,female
Marcus Mccarthy,23.0,San Francisco,2021-12-10 00:00:00.000000,180762.78048749495,female
Wendy Henderson,44.0,San Francisco,2021-02-27 00:00:00.000000,104770.88542105668,female
Theresa Manning,48.0,Los Angeles,2021-01-09 00:00:00.000000,108415.32792858923,female
James Pratt,29.0,San Francisco,2023-03-27 00:00:00.000000,158971.24676925078,unknown
Jonathan Graham,39.0,Los Angeles,2000-01-01 00:00:00.000000,73352.62467305546,male
Bruce Rogers,32.0,Los Angeles,2024-02-25 00:00:00.000000,151828.98409211112,male
Deborah Gutierrez,62.0,New York,2023-06-29 00:00:00.000000,111075.13597865272,male
Cynthia White,32.0,New York,2022-08-07 00:00:00.000000,191795.0128696256,female
Evan Nelson,53.0,Los Angeles,2024-10-23 13:50:54.515830,140835.23119221895,female
Mr. Daniel Walker,49.0,New York,2023-04-13 00:00:00.000000,161923.40505734755,male
Jason Colon,66.0,New York,2022-04-06 00:00:00.000000,164018.94374803483,female
Mrs. Maureen Zhang,40.0,Los Angeles,2023-12-16 00:00:00.000000,133417.18911245413,female
Sarah Holden,22.0,San Francisco,2022-05-08 00:00:00.000000,131594.16174446355,male
Jessica Bell,60.0,San Francisco,2023-04-24 00:00:00.000000,192812.54298158988,female
Angelica Alvarado,56.0,San Francisco,2023-08-07 00:00:00.000000,109188.66948759629,female
James Cruz,69.0,New York,2022-03-14 00:00:00.000000,152394.89422371864,male
Benjamin Pearson,70.0,San Francisco,2000-01-01 00:00:00.000000,170006.7903296901,male
Heather Garcia,53.0,New York,2024-04-02 00:00:00.000000,197014.5677773597,female
Jared Friedman,26.0,Los Angeles,2022-06-11 00:00:00.000000,136945.1512873064,female
Rhonda Harrison,55.0,San Francisco,2022-07-22 00:00:00.000000,67439.77082908143,female
Crystal Blanchard,43.0,San Francisco,2024-05-16 00:00:00.000000,90504.30308146548,female
Kristin Martinez,31.0,San Francisco,2022-08-11 00:00:00.000000,106038.01868993691,female
Ashley Horn,19.0,San Francisco,2023-03-03 00:00:00.000000,107027.58863567145,female
Jonathan Norris,45.0,Los Angeles,2021-10-08 00:00:00.000000,56724.06744527452,male
Stacey Wilson,39.0,Los Angeles,2020-10-13 00:00:00.000000,59018.74312289424,male
Howard Parker,37.0,New York,2024-10-23 13:50:54.515830,53006.15926842629,unknown
Donna Chandler,44.0,New York,2022-01-17 00:00:00.000000,153724.22645475133,female
Gavin Peterson,33.0,San Francisco,2000-01-01 00:00:00.000000,196816.83384493468,female
Felicia Hawkins,26.0,New York,2020-03-11 00:00:00.000000,83679.07329133454,female
Scott Mcconnell,42.0,Los Angeles,2000-01-01 00:00:00.000000,129438.98464060626,unknown
Savannah Mills,44.0,New York,2000-01-01 00:00:00.000000,64721.96953912933,female
David Todd,57.0,San Francisco,2023-10-17 00:00:00.000000,174998.71164491744,female
Jesse Smith,41.0,San Francisco,2023-02-26 00:00:00.000000,170554.66286679142,male
Abigail Davis,48.0,Los Angeles,2024-06-16 00:00:00.000000,52667.34414586811,male
Manuel White,49.0,San Francisco,2024-10-23 13:50:54.515830,113691.42508182728,female
Maria Sanchez,20.0,San Francisco,2000-01-01 00:00:00.000000,190710.39927261177,male
Frederick Anderson,45.0,Los Angeles,2020-11-28 00:00:00.000000,144434.39835748362,female
Kenneth Anderson,41.0,New York,2023-03-16 00:00:00.000000,130681.05044336998,male
Joel Ramirez,19.0,New York,2024-08-28 00:00:00.000000,96504.82208726206,male
Paul Gamble,40.0,San Francisco,2021-08-04 00:00:00.000000,92652.27532531176,unknown
Jordan Davis,33.0,Los Angeles,2024-10-23 13:50:54.515830,194703.8098577672,male
Anthony Perkins,65.0,San Francisco,2024-10-23 13:50:54.515830,150448.8345690349,female
Emily Miller,22.0,Los Angeles,2021-09-15 00:00:00.000000,135708.25435248675,male
Hayden Gray,44.0,Los Angeles,2000-01-01 00:00:00.000000,112241.45466504656,male
David Hernandez,30.0,Los Angeles,2000-01-01 00:00:00.000000,72569.10087893382,male
John Smith,33.0,San Francisco,2022-11-07 00:00:00.000000,72360.67191111679,male
Joshua Elliott,66.0,New York,2022-03-19 00:00:00.000000,172505.59014638042,male
Veronica Wiley,20.0,New York,2024-10-09 00:00:00.000000,127653.39398846876,male
Bryan Sims,67.0,New York,2021-01-29 00:00:00.000000,125590.85367902595,male
Nicholas Davis,62.0,New York,2022-04-08 00:00:00.000000,137776.60582197737,unknown
Mrs. Madeline Welch DDS,44.0,Los Angeles,2020-03-16 00:00:00.000000,76012.27798424827,female
Robert Graves PhD,31.0,San Francisco,2019-11-17 00:00:00.000000,72093.16417593058,female
Rebecca Cruz,63.0,San Francisco,2000-01-01 00:00:00.000000,155496.13366457316,male
Joseph Scott,62.0,San Francisco,2020-12-16 00:00:00.000000,72196.5014396071,male
